fecha,usuario,entrada,salida
2025-11-20,12000001,00:41:02.022764,00:41:46.942311900
